"","tweet_id"
"1","1000619321775796225"
"2","1002160938269773830"
"3","1003986917799669760"
"4","1004558633798176768"
"5","1005783018831794178"
"6","1006097560543682560"
"7","1006935974960680960"
"8","1009478620727926784"
"9","1012567602999197696"
"10","1013761891682922496"
"11","1020766627363602432"
"12","1020731911705161729"
"13","1020723997976260610"
"14","1020723258566619137"
"15","1020823237092151296"
"16","1022081250956333062"
"17","1022299233733541888"
"18","1022737484206227456"
"19","1022958025139736576"
"20","1023851103773970432"
"21","1024213087828803584"
"22","1024385439719940097"
"23","1024587370400833536"
"24","1024664818731692034"
"25","1025326322338414592"
"26","1025419791635542017"
"27","1026340398325792768"
"28","1026320053422182401"
"29","1026381006998302721"
"30","1027081602155855872"
"31","1028169455682105344"
"32","1028592822902050816"
"33","1029224871769894912"
"34","1029144332761219072"
"35","1029129204020011009"
"36","1029242477390258176"
"37","1029300359267803138"
"38","1029606054382977025"
"39","1029636308283445248"
"40","1029666507385495552"
"41","1029696706722582528"
"42","1029726905358942209"
"43","1029757105044119552"
"44","1031939386114490368"
"45","1031905406984044544"
"46","1037356093171806209"
"47","1038398062669049857"
"48","1038431778518822914"
"49","1039154721662148609"
"50","1039148952430497793"
"51","1039249701042827265"
"52","1039408083146076160"
"53","1039730105633964033"
"54","1039687595985436673"
"55","1039823487597199360"
"56","1040671169282752512"
"57","1040946210184552449"
"58","1044605450455580677"
"59","1045018195827077120"
"60","1045757362869596160"
"61","1047949056964775936"
"62","1048443870982361088"
"63","1048564851147264006"
"64","1048559074042937345"
"65","1048652881346383872"
"66","1048840427825184768"
"67","1049294501557284864"
"68","1049293361612541953"
"69","1049582637696864257"
"70","1049577459744673793"
"71","1049660004700213249"
"72","1049883939144433665"
"73","1049908682287394817"
"74","1051362981127294977"
"75","1052551284354637824"
"76","1052670177723203588"
"77","1052948152976859136"
"78","1054255386520379392"
"79","1054292400196251648"
"80","1057279221649850368"
"81","1063011750407270401"
"82","1064086976121503744"
"83","1064807655775117312"
"84","1064800504063107072"
"85","1065167662269947904"
"86","1065588967217799168"
"87","1065663856079450113"
"88","1065648056140476418"
"89","1065683209680289796"
"90","1066273721722142720"
"91","1066366883618803712"
"92","1066364521411985408"
"93","1066356872259751936"
"94","1067356586816036864"
"95","1067635444836442114"
"96","1067665643246280704"
"97","1067816638727299072"
"98","1068051324661628930"
"99","1068367276200595456"
"100","1069550964166795264"
"101","1070041297736622080"
"102","1072100309143576581"
"103","1072194254406119427"
"104","1072784385903132673"
"105","1073619774347927554"
"106","1073682815173189633"
"107","1073758301370941441"
"108","1074270275880013824"
"109","1074557754180812800"
"110","1074689355606867968"
"111","1074738498509398016"
"112","1074767459238993920"
"113","1075348013713895424"
"114","1076156065820143616"
"115","1077935856969830402"
"116","1078424841190019072"
"117","1085862800193253380"
"118","1085985109419778050"
"119","1086292828534308864"
"120","1086416710385713157"
"121","1086356318208880640"
"122","1086587703322382337"
"123","1087038136553820160"
"124","1087978997101854722"
"125","1088374700122742784"
"126","1091032132150087680"
"127","1091225002245017600"
"128","1091428957944270848"
"129","1091622083145224192"
"130","1091926847477174272"
"131","1092120535658463232"
"132","1093456669558882306"
"133","1096037898930061312"
"134","1096274266939711489"
"135","1096323537600684032"
"136","1097002737806528512"
"137","1097021651647115265"
"138","1097119581594886144"
"139","1097159822422634497"
"140","1097426074596765696"
"141","1097818406483578880"
"142","1097946421297172481"
"143","1100339064572731392"
"144","1100490690570608640"
"145","1101087845157097473"
"146","1101379790928523265"
"147","1101648313625899009"
"148","1101717595181510656"
"149","1101910038728376320"
"150","1105745001064083456"
"151","1105932538520977408"
"152","1106414177260879872"
"153","1106491989623754754"
"154","1106520501852258304"
"155","1106516770926612485"
"156","1106618715175555072"
"157","1106862407832485888"
"158","1107164756887171072"
"159","1107350889470124032"
"160","1108641217166872578"
"161","1108621925042012160"
"162","1108647774109777921"
"163","1108806589039955968"
"164","1111243905574621186"
"165","1111354649192337409"
"166","1111512446014013440"
"167","1111570852548673536"
"168","1112691593163796482"
"169","1113082698908794880"
"170","1116609423705722881"
"171","1116688076485668866"
"172","1116702336922025984"
"173","1116750829023891456"
"174","1116777100508377089"
"175","1118405200275038208"
"176","1118833199537381378"
"177","1118884462585110530"
"178","1119233868014526464"
"179","1119233865263001601"
"180","1120953453172408320"
"181","1121357915808567296"
"182","1122038296597663744"
"183","1124837373504888834"
"184","1124897771285250048"
"185","1124954409560084480"
"186","1126774185198477312"
"187","1126807867586224130"
"188","1126833322645127169"
"189","1126913563958886400"
"190","1126912303889305601"
"191","1127134226980143104"
"192","1127594278589542400"
"193","1127829008660430849"
"194","1128190241901121536"
"195","1128590646233718784"
"196","1128570813932875776"
"197","1129774211470372866"
"198","1129851652414926848"
"199","1130404356925394948"
"200","1131508907225042946"
"201","1131927568301666304"
"202","1131907179680870400"
"203","1131951772879261696"
"204","1131997060113338369"
"205","1133611948573118466"
"206","1136198867416944640"
"207","1136362054778929153"
"208","1137222767093407746"
"209","1137284393674903554"
"210","1137344967972663297"
"211","1137435388891598848"
"212","1137390091373109248"
"213","1137617638283194369"
"214","1137692469691330560"
"215","1137668097643634690"
"216","1138782325632897025"
"217","1138776972451024897"
"218","1138761676726165504"
"219","1139019563809591296"
"220","1140273820453879809"
"221","1141204086253137920"
"222","1141241176533688321"
"223","1141450329327845381"
"224","1141720885277155328"
"225","1143775819631923200"
"226","1144158374377992192"
"227","1144218186075783169"
"228","1144497228326719489"
"229","1144491977758539782"
"230","1144918713835147264"
"231","1144963741706018818"
"232","1145009041980174336"
"233","1145209127825760256"
"234","1145243200711512065"
"235","1145913261365321729"
"236","1146040706290634752"
"237","1146294786342694913"
"238","1147213555017666567"
"239","1148611033927471104"
"240","1150008458151964672"
"241","1149994363549814784"
"242","1150324477802229760"
"243","1150442664183119874"
"244","1151398206376480769"
"245","1151728597545213952"
"246","1154028060452229120"
"247","1154102721382944768"
"248","1154769131025195010"
"249","1154813798659870721"
"250","1154859093334659072"
"251","1155379881435443201"
"252","1155783101001490432"
"253","1156093330238988290"
"254","1157535780283310080"
"255","1158649936583495680"
"256","1159066655194058752"
"257","1159055835428982785"
"258","1159094405183213568"
"259","1159428492645322754"
"260","1159464202970501121"
"261","1159704733289975808"
"262","1160103590142324738"
"263","1160155970754031617"
"264","1160130894809698304"
"265","1160163900777795584"
"266","1160224300575731713"
"267","1160289716492574720"
"268","1160813202432823296"
"269","1161337954608013312"
"270","1162661728833998849"
"271","1163355911747973120"
"272","1164030018063863808"
"273","1164515637131194368"
"274","1164570361427570690"
"275","1164661032826130434"
"276","1165219075989090304"
"277","1165311942963146753"
"278","1165348111591641088"
"279","1166949865475268608"
"280","1168876242780794880"
"281","1169528995475591168"
"282","1169932552594964480"
"283","1171054291429273600"
"284","1171373806344167426"
"285","1172051558118363136"
"286","1172070772417974272"
"287","1173168341042847745"
"288","1173250319385604102"
"289","1173479137606062080"
"290","1173830198694989824"
"291","1173875500743299072"
"292","1173935903271768064"
"293","1173926504721473537"
"294","1173987493609390080"
"295","1174047886633578497"
"296","1174182451763122176"
"297","1174327193696112641"
"298","1174382809072488448"
"299","1174556240694976512"
"300","1174552747338805248"
"301","1174627128559710208"
"302","1174677105919057921"
"303","1174902220539588609"
"304","1175033551244419072"
"305","1175030550463229952"
"306","1175057784179761152"
"307","1175041069374947328"
"308","1175083463055237120"
"309","1175317279640346624"
"310","1175337633645506560"
"311","1175416958281555971"
"312","1175410173516668928"
"313","1175669308334190592"
"314","1175989508841623552"
"315","1176193426292989952"
"316","1176365942034640896"
"317","1176384364462125061"
"318","1176435489752190977"
"319","1176421941927976960"
"320","1176421433339273216"
"321","1176451790822432770"
"322","1176448404119048194"
"323","1176600960774365185"
"324","1176734971983290368"
"325","1177114344334798848"
"326","1177147641844686848"
"327","1177306866285776896"
"328","1177451059305795585"
"329","1177922032341786624"
"330","1178046737824530434"
"331","1178298004064931840"
"332","1178411626434846725"
"333","1179709662758871040"
"334","1181092163763015680"
"335","1181124502912061441"
"336","1181222750876295168"
"337","1181334995039862784"
"338","1181653357989126145"
"339","1181689489401503744"
"340","1181970916584153093"
"341","1183684577065349120"
"342","1183681790600536064"
"343","1184768003516354560"
"344","1184829562154340354"
"345","1186232031287676930"
"346","1186283636980682752"
"347","1187278291352338433"
"348","1187639658148253696"
"349","1187649218166624257"
"350","1187765847080783872"
"351","1187832482047188993"
"352","1188054393599549441"
"353","1188069492263456769"
"354","1188067719377313792"
"355","1188391745047924737"
"356","1190510604143988736"
"357","1190462187845931010"
"358","1190707648112549890"
"359","1191781921598189568"
"360","1191982207755325441"
"361","1192023764172771328"
"362","1192021478537080832"
"363","1192098877039661057"
"364","1192122000266944512"
"365","1192315192362852352"
"366","1192351026726293504"
"367","1192350194425356288"
"368","1192762463386775552"
"369","1193084047473487878"
"370","1193883071742914561"
"371","1194221853038055424"
"372","1194496679401140224"
"373","1194533268634439680"
"374","1194657467201929219"
"375","1196526759744856065"
"376","1197431068212813824"
"377","1198993243888685056"
"378","1199087980931166214"
"379","1199239072985894912"
"380","1200027905033723904"
"381","1200011123212337153"
"382","1200058440338542598"
"383","1200417921236901888"
"384","1200484642396225543"
"385","1200454985668059136"
"386","1201392480677179394"
"387","1201404197394157569"
"388","1201569675173339137"
"389","1202116449621487619"
"390","1202437439605768192"
"391","1202472378531565570"
"392","1202843187649359872"
"393","1203226859258961921"
"394","1204673987692957696"
"395","1204780272597848064"
"396","1205035391511871489"
"397","1205376234248691714"
"398","1205491995852132352"
"399","1205472541197946880"
"400","1206159464010674181"
"401","1207220096038526976"
"402","1208299701239517184"
"403","1208314747302612992"
"404","1208313153769164801"
"405","1210110423296557056"
"406","1210101394902007813"
"407","1210221584016969728"
"408","1210417842396549121"
"409","1210478268849303552"
"410","1211181316940664832"
"411","1211241721415249920"
"412","1211347425761415170"
"413","1211550005674364928"
"414","1212286097721569282"
"415","1212414452735397888"
"416","1212807043989606404"
"417","1212981418885812225"
"418","1213003328197709827"
"419","1213159366314082306"
"420","1213374515356618752"
"421","1214579287984148481"
"422","1214809000841224192"
"423","1215233789733019648"
"424","1215281940242292744"
"425","1215442002566840322"
"426","1215547590005182464"
"427","1216172770645762049"
"428","1216354152135168000"
"429","1216449771738583040"
"430","1217729990374109185"
"431","1217784206581030912"
"432","1218049124911763456"
"433","1218039452205010949"
"434","1218078088044728320"
"435","1218138475913977858"
"436","1218188318724194304"
"437","1218485684572499970"
"438","1219472144482144262"
"439","1219615605730484225"
"440","1219803895934988288"
"441","1220697647704571904"
"442","1223546106539335680"
"443","1226122691691806720"
"444","1226566886848172032"
"445","1228051288514011136"
"446","1228255292934295552"
"447","1228580954903416834"
"448","1228653018775801856"
"449","1228674126564515840"
"450","1228754006668906496"
"451","1229650468634271748"
"452","1229653142071119872"
"453","1229653089952632832"
"454","1230054432802406400"
"455","1230383643153063937"
"456","1231151049672732672"
"457","1232623527968354304"
"458","1234791120762232832"
"459","1235984582102708224"
"460","1240211355300442113"
"461","1241556469650198529"
"462","1241640783847006209"
"463","1241726557397401600"
"464","1241964197421907969"
"465","1243144792021893120"
"466","1244018344728186881"
"467","1243996264892698624"
"468","1244207687707111425"
"469","1245352229395140610"
"470","1247413815324663809"
"471","1250783222272794629"
"472","1252473428109656065"
"473","1252539521897508864"
"474","1252535432233005056"
"475","1252719326521589760"
"476","1252835996091088896"
"477","1252866815883001856"
"478","1252983123312336897"
"479","1252994614652477442"
"480","1254679718336630784"
"481","1255723328704327684"
"482","1260086630456721408"
"483","1260224059821953025"
"484","1260560593423040512"
"485","1260914790760923137"
"486","1261902770925379590"
"487","1264558661197758465"
"488","1266234077805453312"
"489","1266624507390894082"
"490","1266605306399899655"
"491","1267315709354430464"
"492","1267418164989767681"
"493","1268629868222263300"
"494","1268864538721599489"
"495","1269161326334693376"
"496","1270361400288870400"
"497","1271000027138326529"
"498","1271323552835227648"
"499","949545596037234688"
"500","950708806417371136"
"501","950879566771388418"
"502","951371229948272640"
"503","951771370853199872"
"504","951818516340133888"
"505","951901595893198849"
"506","952084711828058112"
"507","952153456575438849"
"508","953183023637377024"
"509","953185789529214976"
"510","953275912606404608"
"511","953265209665294336"
"512","954015264294752256"
"513","954096558819049472"
"514","955334399448567810"
"515","955693328623861760"
"516","956152795987619840"
"517","956396014646292480"
"518","956610933509500929"
"519","956824879592083456"
"520","958593187269902336"
"521","958576662546927622"
"522","958608286961602562"
"523","958638486679990272"
"524","958668685178122240"
"525","958698885253337088"
"526","958729085739589633"
"527","958789481091313664"
"528","958759282836586497"
"529","958968421126991872"
"530","960494745679224832"
"531","960796293277855744"
"532","962222311725203458"
"533","962818048657907719"
"534","962983042187964416"
"535","963015102390824960"
"536","963049803465789442"
"537","963096863602651137"
"538","963140400155258880"
"539","963830112687968256"
"540","963976125008502784"
"541","964009154296864768"
"542","964450912612814848"
"543","964433898821238784"
"544","964560013384671232"
"545","964531625634746368"
"546","965158986940067840"
"547","965851260111945728"
"548","966290200174489600"
"549","966399626289938432"
"550","966670790962884614"
"551","970642249716588544"
"552","975594762769223680"
"553","976362470133690368"
"554","976723622189568001"
"555","976736689530994688"
"556","977265838133825536"
"557","977793982200795136"
"558","977823149168275458"
"559","979781530439573504"
"560","983310088273383426"
"561","985515025640181763"
"562","985510694970937347"
"563","985948900086382599"
"564","986085496853094405"
"565","986263083575402497"
"566","987217453020319744"
"567","990209954136064000"
"568","990899386648530944"
"569","991580915402002432"
"570","993052449396133888"
"571","995734420895092736"
"572","996343319411163136"
"573","998891464380878848"
"574","999567296380260353"
"575","999624765051678720"
"576","999720435771170817"
"577","1274643755153448961"
"578","1275088260516241408"
"579","1275324945430728704"
"580","1275436173976985600"
"581","1275481988422668294"
"582","1276038851304337409"
"583","1276029857751654400"
"584","1276101637791236096"
"585","1276189094696157185"
"586","1276760086929641473"
"587","1277530947286695939"
"588","1279326260456497153"
"589","1280836745744048130"
"590","1281115068172730370"
"591","1281139215640801280"
"592","1281331273823399936"
"593","1283443357101035521"
"594","1283624734811398144"
"595","1283698040721879040"
"596","1285303464537526272"
"597","1285513452853829633"
"598","1285502492533563392"
"599","1286594866445783040"
"600","1288801302030548992"
"601","1290891947159281664"
"602","1291673730012393472"
"603","1293983833415725058"
"604","1295095593723924480"
"605","1297799215985426433"
"606","1298117882354769922"
"607","1298573402890858497"
"608","1298887975606947841"
"609","1298980296688164864"
"610","1299215131239481344"
"611","1299623576539222018"
"612","1299642950360526849"
"613","1302533258018803712"
"614","1303792424498667521"
"615","1303941831907069953"
"616","1303949770730373121"
"617","1303942683371675648"
"618","1304345476326711297"
"619","1304454729699938305"
"620","1304471454394843136"
"621","1305089383209537536"
"622","1305085060140343297"
"623","1305077711770128388"
"624","1305512317472342016"
"625","1305768974379089922"
"626","1305805050430853121"
"627","1305830528109752321"
"628","1306515276402393089"
"629","1306515214129651714"
"630","1306604995698208769"
"631","1306844402619486208"
"632","1308714156229562369"
"633","1308851695619911681"
"634","1309004923971960835"
"635","1309767937423794176"
"636","1309832199538081797"
"637","1310281475573592064"
"638","1311248925777592320"
"639","1311334881931165702"
"640","1311746006153912321"
"641","1311988651740495872"
"642","1313453954919956482"
"643","1313458639001260036"
"644","1314106387933298691"
"645","1314581378374291456"
"646","1315928861406879744"
"647","1316005152608923649"
"648","1316344250120851458"
"649","1317829059578122245"
"650","1319883877926789121"
"651","1323236056037249025"
"652","1323508161572184064"
"653","1323531608725561344"
"654","1325787979017809922"
"655","1326498287839551494"
"656","1327143257600614400"
"657","1327166813885456384"
"658","1327211079093669888"
"659","1327551444908728320"
"660","1329313920411201537"
"661","1329354568573079552"
"662","1329345130998980609"
"663","1330642556552695810"
"664","1330612937560559617"
"665","1330850151578152960"
"666","1330926470928216066"
"667","1330958108408115203"
"668","1331817456554422274"
"669","1332335285804412929"
"670","1333377312700723202"
"671","1334087348057935872"
"672","1334083996289003523"
"673","1334209022845726721"
"674","1334739895978487808"
"675","1334799611601453057"
"676","1335053781394833408"
"677","1335126652389617664"
"678","1335124884607934464"
"679","1335158648268525570"
"680","1335144378235547649"
"681","1335223226440486912"
"682","1335559302900281347"
"683","1335856845043322882"
"684","1336163594313064449"
"685","1336247716305833985"
"686","1336247706298310657"
"687","1336308848223727616"
"688","1336652615325769732"
"689","1336922511699824643"
"690","1336922311681847307"
"691","1336943735708463104"
"692","1336962106093170689"
"693","1336977924319285251"
"694","1337015021163982851"
"695","1337008438816223234"
"696","1337029943105085440"
"697","1337064534851411973"
"698","1337050088947011585"
"699","1337045118168264707"
"700","1337074855943041024"
"701","1337133365938565120"
"702","1337251163180249089"
"703","1337200464337756160"
"704","1337276086980403200"
"705","1337265857270046721"
"706","1337314893133979653"
"707","1337295477440720898"
"708","1337319474068938752"
"709","1337348897044312066"
"710","1337347753815498753"
"711","1337371940529577985"
"712","1337479437173088261"
"713","1337643344495783936"
"714","1337785531518787586"
"715","1337860902729691139"
"716","1337883733559554049"
"717","1338040716006658051"
"718","1338038536474406913"
"719","1338033535723167744"
"720","1338366879811964928"
"721","1338416023322693632"
"722","1338459975727734786"
"723","1338524185799385092"
"724","1338745079670976513"
"725","1338742796560322560"
"726","1338785343852703746"
"727","1338870220392456194"
"728","1339090356705628166"
"729","1339145023896645638"
"730","1339166771899756545"
"731","1339178862815670272"
"732","1339268508019003397"
"733","1339514424101638146"
"734","1339513529179770886"
"735","1339571911869796352"
"736","1339620680661405696"
"737","1339592576475664384"
"738","1339843029562241030"
"739","1340196442275758083"
"740","1340422542708891651"
"741","1340406034402304003"
"742","1340645089283076096"
"743","1340899803576692736"
"744","1340941347382054912"
"745","1341054440946741248"
"746","1341053303124332544"
"747","1341216193055744000"
"748","1341266282394607616"
"749","1341271201503690753"
"750","1341648485716815873"
"751","1341747589549580290"
"752","1341969349712736257"
"753","1342117236438347776"
"754","1342548125429460996"
"755","1343111405092954112"
"756","1343482956317405185"
"757","1343505160388169729"
"758","1343493140326445056"
"759","1343618588536614914"
"760","1343828343658065921"
"761","1343817234582564865"
"762","1344070393540337664"
"763","1344537921991434240"
"764","1344535847597715456"
"765","1344553880886124544"
"766","1344868452536733699"
"767","1344909512852070400"
"768","1345012077191159809"
"769","1345248553845862401"
"770","1345188179738058753"
"771","1345357820099764227"
"772","1345442881952231430"
"773","1345422168625184769"
"774","1345599532466397186"
"775","1345599519929430017"
"776","1345637787517775872"
"777","1345603328349253632"
"778","1345656665631313920"
"779","1345653639583559682"
"780","1345714037540139015"
"781","1345702186773336065"
"782","1345783240930553857"
"783","1345769391137431552"
"784","1345844887565062146"
"785","1345985788895485953"
"786","1345977894120677378"
"787","1346129288156893184"
"788","1346324308755443714"
"789","1346355752747859970"
"790","1346384693881552896"
"791","1346367184038219778"
"792","1346401641004724225"
"793","1346394532863209472"
"794","1346424580961918979"
"795","1346450970646110208"
"796","1346488367559663622"
"797","1346680392175251456"
"798","1346710188984852480"
"799","1346712855853355014"
"800","1346776022495055873"
"801","1346895545433022466"
"802","1347076567202201600"
"803","1347101005381595138"
"804","1347471850553683969"
"805","1347515319443664896"
"806","1348356537220268033"
"807","1348332276778586113"
"808","1348535531580387328"
"809","1348676109576101888"
"810","1348675252604252163"
"811","1348675052124987392"
"812","1348852803649871872"
"813","1348904547561959426"
"814","1348934653684625409"
"815","1349014104455979008"
"816","1349189453567426560"
"817","1349241266165280768"
"818","1349280352452407296"
"819","1349310374961684481"
"820","1349335448125112321"
"821","1349343062770778112"
"822","1349442341312950274"
"823","1349598380197089282"
"824","1349551834650841091"
"825","1349658794658328576"
"826","1349718436407091202"
"827","1349804433996214274"
"828","1349955978846986241"
"829","1349995924697845761"
"830","1349980045746581504"
"831","1350350827366481922"
"832","1351065228742635525"
"833","1351418456747466762"
"834","1351449567380733961"
"835","1351444347858939905"
"836","1351477487260332033"
"837","1351545497325105152"
"838","1351673292885614593"
"839","1351778750590017536"
"840","1351809530942861313"
"841","1351818956680671235"
"842","1352058361559339008"
"843","1352261858867163136"
"844","1352473564616658945"
"845","1352912086989492224"
"846","1352997935479463938"
"847","1353034521416003586"
"848","1353023458800586753"
"849","1353280603874078721"
"850","1353605680956059649"
"851","1353626176200318977"
"852","1353689236487204865"
"853","1353742294713823232"
"854","1354134705755590657"
"855","1354503039110029312"
"856","1354547228665237505"
"857","1354533456248778764"
"858","1355499875706806272"
"859","1357066676425080837"
"860","1357265806183325696"
"861","1357397313627553792"
"862","1357557061060612099"
"863","1357589433919365121"
"864","1358426826960429058"
"865","1358660579599204354"
"866","1358852579669721088"
"867","1359142508136120320"
"868","1359410246016466945"
"869","1359832318320537602"
"870","1360112902221537281"
"871","1360455759570599939"
"872","1360508124852088835"
"873","1360553324316090370"
"874","1360648523088355328"
"875","1361033133597073418"
"876","1361246547741184001"
"877","1361748669217800195"
"878","1361997212629221376"
"879","1362019671709474819"
"880","1362013929254264842"
"881","1362039962229755904"
"882","1362300175419666434"
"883","1362325216073031684"
"884","1362413675689218049"
"885","1362445791260983305"
"886","1362534061139460098"
"887","1362746254292226052"
"888","1362989722327543809"
"889","1363362816699363329"
"890","1363463480095821829"
"891","1363457995481448452"
"892","1363794173082624005"
"893","1363811122592313344"
"894","1363864929669890054"
"895","1364112758342438913"
"896","1364266269805998082"
"897","1364259475515867138"
"898","1364254641756733440"
"899","1364462815134707713"
"900","1364456553307402240"
"901","1364530540322426883"
"902","1364814884907536386"
"903","1365008142141181956"
"904","1365191073161752576"
"905","1365188060519034881"
"906","1365229917043056640"
"907","1365554782941888513"
"908","1365896821659287553"
"909","1365957680792301573"
"910","1366012797474201602"
"911","1366054855375282176"
"912","1366035427271057408"
"913","1366382279753367553"
"914","1367525902989594630"
"915","1367779614345543680"
"916","1367816866928988162"
"917","1367941880030363648"
"918","1368610879189745666"
"919","1369538345597083648"
"920","1369940760762736641"
"921","1370094687554576385"
"922","1370217987458756608"
"923","1370967938577133571"
"924","1372070197243351041"
"925","1372099643706900482"
"926","1372140934092226560"
"927","1372125559329759234"
"928","1372571083560386560"
"929","1373502127176306691"
"930","1373853523708944386"
"931","1373896425470312449"
"932","1374349663499862017"
"933","1375913872738164739"
"934","1376497580117520384"
"935","1376837886641893376"
"936","1377190049457045505"
"937","1377483360596078594"
"938","1379311254624423936"
"939","1382158699465224197"
"940","1382246425115959296"
"941","1382244850679037953"
"942","1384396393859649536"
"943","1384831781095018497"
"944","1384904274283573252"
"945","1385123786236833792"
"946","1385150492117016578"
"947","1385219334990139393"
"948","1385239166544490496"
"949","1385252023667499016"
"950","1385244543797370884"
"951","1385446094134460416"
"952","1385420662487932934"
"953","1385382958232743939"
"954","1385574734084157442"
"955","1385590829335580680"
"956","1385611492008005637"
"957","1385658528791207945"
"958","1385851643670024193"
"959","1385944128366723072"
"960","1386292859985272839"
"961","1386355914622525440"
"962","1386596157724430338"
"963","1386619280456826880"
"964","1386824914355716097"
"965","1387632956169244682"
"966","1387676488892395521"
"967","1387716957802307586"
"968","1387846839442026501"
"969","1388457988785119233"
"970","1388445781615648770"
"971","1389859009935593476"
"972","1390160642838077440"
"973","1390146804478582786"
"974","1390390816972185601"
"975","1390605589072461828"
"976","1391357305199988736"
"977","1391414022063411205"
"978","1391644197141291009"
"979","1391702073935376387"
"980","1391775059648425987"
"981","1392040798280208389"
"982","1392052029808422915"
"983","1392336230881193988"
"984","1392383267609923586"
"985","1392404186885627904"
"986","1392441950146600960"
"987","1392730345007681540"
"988","1392759016426807296"
"989","1392781674824429568"
"990","1393602825926496257"
"991","1394345235333984266"
"992","1395034872360620036"
"993","1395378948482215945"
"994","1395388887749611520"
"995","1395689787093307397"
"996","1395825992896323587"
"997","1396014226171379715"
"998","1396059261038383111"
"999","1396043165468135425"
"1000","1396077600083255298"
"1001","1396068029973270531"
"1002","1396123163260555268"
"1003","1396126814280560643"
"1004","1396341370722283524"
"1005","1396353953713901572"
"1006","1396389659928825856"
"1007","1396483559272030209"
"1008","1396573454825148416"
"1009","1396724332169154561"
"1010","1396780284641779716"
"1011","1397478902151491585"
"1012","1397485515121860609"
"1013","1397518664933515275"
"1014","1397530458003492875"
"1015","1397836768599318529"
"1016","1397859821135798274"
"1017","1397883027154427904"
"1018","1398155027869487104"
"1019","1398166396337496064"
"1020","1398295284988448770"
"1021","1398824008414605312"
"1022","1398914610812669958"
"1023","1399005204775833609"
"1024","1399089748233310214"
"1025","1399281271654789123"
"1026","1399281011297599488"
"1027","1399273663833182210"
"1028","1399320009034375173"
"1029","1399441566255796229"
"1030","1399675431603904515"
"1031","1399730532154580994"
"1032","1400029947482316800"
"1033","1400020587670605838"
"1034","1400308481635332097"
"1035","1400345001754710017"
"1036","1400327662007095297"
"1037","1400372963484999682"
"1038","1400418270386208772"
"1039","1400475077255352321"
"1040","1400493760253923332"
"1041","1400816208115601409"
"1042","1401145265323642881"
"1043","1401408180727463936"
"1044","1401290031382384648"
"1045","1401457421890076674"
"1046","1401501849144991745"
"1047","1401485079575150596"
"1048","1401782255677288448"
"1049","1401871613528875014"
"1050","1401886663521886220"
"1051","1402991833337110539"
"1052","1403455587350945799"
"1053","1403661629984841731"
"1054","1404297546005061640"
"1055","1404441702362927109"
"1056","1404668462195150851"
"1057","1405467786349060099"
"1058","1405787408604540931"
"1059","1405872196380200966"
"1060","1406512832955494400"
"1061","1406608231124905993"
"1062","1406876814161633281"
"1063","1406928199997702145"
"1064","1406956574946512896"
"1065","1406947507435831298"
"1066","1407015042114064392"
"1067","1407972858366730240"
"1068","1408016507737677832"
"1069","1408319045456187400"
"1070","1408386497632477184"
"1071","1408482918520049668"
"1072","1408684881295597570"
"1073","1408696856922763265"
"1074","1408689000945225730"
"1075","1408751867983769603"
"1076","1408721697872650251"
"1077","1409016138017558542"
"1078","1409003555097219081"
"1079","1409129384317919235"
"1080","1409260246481051651"
"1081","1409534555330023424"
"1082","1409771742764191744"
"1083","1409822482736033792"
"1084","1410129671912673288"
"1085","1410501866081894405"
"1086","1410765165297999873"
"1087","1411191967875272705"
"1088","1411280590314278915"
"1089","1411644737707249666"
"1090","1412021569673695234"
"1091","1412091858797350916"
"1092","1412091030191722496"
"1093","1412085141023903744"
"1094","1412264570467536897"
"1095","1412496512328863750"
"1096","1412699466998726656"
"1097","1413060076361895936"
"1098","1413048084184064001"
"1099","1413132323944501257"
"1100","1413436656951209986"
"1101","1413477412663435264"
"1102","1413786243830358020"
"1103","1413807985764311040"
"1104","1414124842870349825"
"1105","1414225009405538304"
"1106","1414218466106781697"
"1107","1414472830264172544"
"1108","1414552073568460810"
"1109","1414702355937841160"
"1110","1414972518910283779"
"1111","1414971958266052609"
"1112","1415057194089807874"
"1113","1415194347939586048"
"1114","1415208692421693448"
"1115","1415226043523375108"
"1116","1415259541923672064"
"1117","1415295076218122241"
"1118","1415329039477313540"
"1119","1415571331781783560"
"1120","1415745524813242370"
"1121","1416286041292558340"
"1122","1416266209419464705"
"1123","1416265153696333824"
"1124","1416330099750752256"
"1125","1416704581300539393"
"1126","1416838703360745484"
"1127","1416984113823748098"
"1128","1417032711563321347"
"1129","1417237812907331586"
"1130","1417771338555551744"
"1131","1418088301668585472"
"1132","1418190111104241670"
"1133","1418477984730730496"
"1134","1418509598986747906"
"1135","1418507949916499975"
"1136","1418486589882261505"
"1137","1418563290016489477"
"1138","1418642065701933060"
"1139","1418808106629443589"
"1140","1418856481676484615"
"1141","1418931473302753280"
"1142","1419021219496710144"
"1143","1419235769701502980"
"1144","1419230946163924992"
"1145","1419289603064877060"
"1146","1419308478519123971"
"1147","1419531197479280644"
"1148","1419622217059557377"
"1149","1419839978620825600"
"1150","1419907384563179521"
"1151","1419942449342992386"
"1152","1419977387417247753"
"1153","1419966120929505281"
"1154","1419990954992226308"
"1155","1420597177836089345"
"1156","1420668748860698630"
"1157","1421027786014220292"
"1158","1421459524117012481"
"1159","1421443052330229764"
"1160","1421751303416463362"
"1161","1422192963837304832"
"1162","1422207083206873105"
"1163","1422565166152044545"
"1164","1422649149858754565"
"1165","1422815219240288256"
"1166","1423183117234343937"
"1167","1423176951200567297"
"1168","1423204616808894465"
"1169","1423236237821980686"
"1170","1423593441691308036"
"1171","1423592963691749382"
"1172","1423707975483527174"
"1173","1423897702916628485"
"1174","1423931845947887618"
"1175","1423925732997312513"
"1176","1423921044365221889"
"1177","1423987818364297219"
"1178","1423974922569846786"
"1179","1424021158811287555"
"1180","1424233913828798469"
"1181","1424196199674941443"
"1182","1424274177016619008"
"1183","1424271695351853058"
"1184","1424254063479246855"
"1185","1424296344760500224"
"1186","1424347199824093190"
"1187","1424328283689127938"
"1188","1424422688551063558"
"1189","1424628499931877380"
"1190","1424620647762780160"
"1191","1424649637009543169"
"1192","1424648745069785088"
"1193","1424647672808579077"
"1194","1424647041095962627"
"1195","1424671311016730626"
"1196","1424662009359044611"
"1197","1424651913379844098"
"1198","1424700873582817289"
"1199","1424692117914492933"
"1200","1424678322521448449"
"1201","1424714354407231492"
"1202","1424712430295322624"
"1203","1424705018276548609"
"1204","1424759090429956097"
"1205","1424948621376688129"
"1206","1424984233781702674"
"1207","1425002249579806720"
"1208","1425040004980613124"
"1209","1425033962183970822"
"1210","1425169353188728838"
"1211","1425358340499156997"
"1212","1425371400626393091"
"1213","1425458156042399748"
"1214","1425472462129618948"
"1215","1425678430062841856"
"1216","1425674625858646016"
"1217","1425702394965499904"
"1218","1425744403382128645"
"1219","1425731241702264832"
"1220","1425760439770796036"
"1221","1426060954882686976"
"1222","1426035784885305349"
"1223","1426117100754640896"
"1224","1426514396625489923"
"1225","1426549441054613504"
"1226","1426727368538873859"
"1227","1426808869007904770"
"1228","1426838674205990921"
"1229","1426831305208123393"
"1230","1426863263862689798"
"1231","1427057536713248778"
"1232","1427165590448377860"
"1233","1427192946433171457"
"1234","1427184377688117249"
"1235","1427180863754838021"
"1236","1427223622616117248"
"1237","1427239636603215877"
"1238","1427235261340078083"
"1239","1427304365472239624"
"1240","1427525604660981772"
"1241","1427521930391957530"
"1242","1427550784804302863"
"1243","1427667062571343881"
"1244","1427880943260405762"
"1245","1427865340130832385"
"1246","1427892719024803842"
"1247","1427892669813043200"
"1248","1427954030295363592"
"1249","1427952163037192193"
"1250","1428321328432656388"
"1251","1428301494735052802"
"1252","1428298342552018945"
"1253","1428564950096564224"
"1254","1428615281849503750"
"1255","1428660855298723840"
"1256","1428642120907251716"
"1257","1428637930650837004"
"1258","1428637636852387840"
"1259","1428710913939542018"
"1260","1428695813702787076"
"1261","1428739884509024258"
"1262","1428736108427366402"
"1263","1428716851312402432"
"1264","1428765101683773445"
"1265","1428962599522164741"
"1266","1428994027408424971"
"1267","1429099995253325824"
"1268","1429428817446191118"
"1269","1429415017632477185"
"1270","1429411302653505547"
"1271","1429471703705522177"
"1272","1429455351091548169"
"1273","1429443524861247491"
"1274","1429778638707232769"
"1275","1430024634343305221"
"1276","1430024567771209732"
"1277","1429935052461379585"
"1278","1430082758488076288"
"1279","1430068761537695753"
"1280","1430101110539313152"
"1281","1430377392644624386"
"1282","1430449922487341057"
"1283","1430461976531062785"
"1284","1430553485200838658"
"1285","1430545854587363330"
"1286","1430788806345625601"
"1287","1430784553250004992"
"1288","1430810246159732739"
"1289","1430809741832249347"
"1290","1430794649359290370"
"1291","1430878436315303944"
"1292","1430922995548164110"
"1293","1431152558098292738"
"1294","1431199909370343426"
"1295","1431206870715453445"
"1296","1431358779640229896"
"1297","1431533087440216065"
"1298","1431577299825029123"
"1299","1431713781235781639"
"1300","1431832962438504449"
"1301","1431894388754419716"
"1302","1431932874073255943"
"1303","1431929063929749505"
"1304","1432028056676409348"
"1305","1432265306249048067"
"1306","1432313745901072385"
"1307","1432310883204558851"
"1308","1432349891620188171"
"1309","1432679562698235904"
"1310","1432730063628288003"
"1311","1432780656992468994"
"1312","1432942852330377217"
"1313","1432928870114660354"
"1314","1433008511793909766"
"1315","1433289833607278599"
"1316","1433661029440008205"
"1317","1433727922616086551"
"1318","1434112669544497153"
"1319","1434103192762175492"
"1320","1434230103135985667"
"1321","1434414974651273219"
"1322","1434404679698591746"
"1323","1434458210040168448"
"1324","1434453753097244678"
"1325","1434877582407839744"
"1326","1435572654015225860"
"1327","1435589311399960583"
"1328","1435693289219493893"
"1329","1435874151785549825"
"1330","1435865966571835392"
"1331","1435865698476175360"
"1332","1435864439773859841"
"1333","1435899160117587973"
"1334","1436023277479206915"
"1335","1436003969579499525"
"1336","1436084498416889872"
"1337","1436234847417155585"
"1338","1436285825348558849"
"1339","1436310527635042308"
"1340","1436583920959692801"
"1341","1436675907884777480"
"1342","1436922052418621441"
"1343","1437309712593215489"
"1344","1437420311947976708"
"1345","1437492168164319234"
"1346","1437483717811900417"
"1347","1437638284054777856"
"1348","1437634901092835333"
"1349","1437668645090516998"
"1350","1437733242455609344"
"1351","1437718459350147073"
"1352","1437715123200827394"
"1353","1437815494531330048"
"1354","1437793169152827399"
"1355","1437906871512453123"
"1356","1437994584563355648"
"1357","1437929179757023235"
"1358","1438044868962668545"
"1359","1438069360724172802"
"1360","1438135633462145034"
"1361","1438132997606322182"
"1362","1438120447820931073"
"1363","1438145416797868032"
"1364","1438190629532704768"
"1365","1438260083838763008"
"1366","1438424919956615170"
"1367","1438475247422951424"
"1368","1438569798766637057"
"1369","1438558456944992256"
"1370","1438587545844166658"
"1371","1438721877179084803"
"1372","1438772478919299073"
"1373","1438820027709415427"
"1374","1438872872370556936"
"1375","1439172499284107264"
"1376","1439543322125770755"
"1377","1439611779131265025"
"1378","1439894274334658560"
"1379","1439881151112486917"
"1380","1439923077840875523"
"1381","1439952780962242568"
"1382","1439983231672229895"
"1383","1440156331416059905"
"1384","1440090432571052032"
"1385","1440073582697074693"
"1386","1440073286994382854"
"1387","1440225403440750602"
"1388","1440293835410530304"
"1389","1440351150084018184"
"1390","1440403128206041097"
"1391","1440400783288115200"
"1392","1440394761441984527"
"1393","1440392926492692480"
"1394","1440392361817772040"
"1395","1440392008799907847"
"1396","1440391914767806474"
"1397","1440391832584667146"
"1398","1440391775516971016"
"1399","1440391419743535105"
"1400","1440391323941421057"
"1401","1440390409625108487"
"1402","1440558515894980615"
"1403","1440627077334528006"
"1404","1440642236455141377"
"1405","1440679778156089356"
"1406","1440679468473876484"
"1407","1440896203768705025"
"1408","1440921836636811265"
"1409","1441043506659790849"
"1410","1441065621387628544"
"1411","1441346060908064774"
"1412","1441407125574635527"
"1413","1441402269602177032"
"1414","1441452037825171456"
"1415","1441448671342567424"
"1416","1441447467329990657"
"1417","1441442243521368070"
"1418","1441437862776356876"
"1419","1441460650220347392"
"1420","1441655916374499329"
"1421","1442041248840237061"
"1422","1442118507974430729"
"1423","1442369446681657346"
"1424","1442464561886425089"
"1425","1442460039986356236"
"1426","1442527704579035140"
"1427","1442527472587735041"
"1428","1442535867319402507"
"1429","1442535590424104966"
"1430","1442529635640676356"
"1431","1442529247315308552"
"1432","1442528691733532679"
"1433","1442710615169118211"
"1434","1442738845603319811"
"1435","1442778181296066564"
"1436","1442791251145789441"
"1437","1443115830116487170"
"1438","1443158264502497280"
"1439","1443312201859846154"
"1440","1443439210367574016"
"1441","1443467791756103680"
"1442","1443543648562556930"
"1443","1443521923359592457"
"1444","1443623512497852422"
"1445","1443623025476317191"
"1446","1443621944805543947"
"1447","1443620484218859520"
"1448","1443620351599157256"
"1449","1443619827415928836"
"1450","1443820549348659200"
"1451","1443850438579834893"
"1452","1443883784223477763"
"1453","1443922213426634764"
"1454","1444209238558056448"
"1455","1444288465705779208"
"1456","1444650981564854276"
"1457","1444892536670081026"
"1458","1444914764354932740"
"1459","1444973706804092928"
"1460","1444966061628141572"
"1461","1444999968864014341"
"1462","1445342501649408001"
"1463","1445360621210542080"
"1464","1445401355196186637"
"1465","1445390820962709506"
"1466","1445579617327218689"
"1467","1445633847555731456"
"1468","1445614799841153027"
"1469","1445733075409727489"
"1470","1446012028850692101"
"1471","1446113150684729356"
"1472","1446363430672347178"
"1473","1446374552066535430"
"1474","1446422227487019018"
"1475","1446417367584722950"
"1476","1446468924355186699"
"1477","1446503884365651975"
"1478","1446550968968126467"
"1479","1446723350492024836"
"1480","1446786909301313541"
"1481","1446840161531273218"
"1482","1446871758863278085"
"1483","1446921184109531144"
"1484","1447003951493177345"
"1485","1446969975533498368"
"1486","1447120745595904002"
"1487","1447117197608984590"
"1488","1447230167785558023"
"1489","1447272334562373643"
"1490","1447510093948506113"
"1491","1447575213726740481"
"1492","1447606432887627776"
"1493","1447605509704585219"
"1494","1447701797892591616"
"1495","1447827678606860295"
"1496","1447820657945980932"
"1497","1447818341851217923"
"1498","1447814269190410240"
"1499","1447856821637718016"
"1500","1447856779237466112"
"1501","1447951583304724480"
"1502","1447985420134875136"
"1503","1448200206567215107"
"1504","1448288571715112960"
"1505","1448370201930596353"
"1506","1448539064752218112"
"1507","1448523233637113858"
"1508","1448569093481811969"
"1509","1448603696456245251"
"1510","1448924022733934606"
"1511","1448956818194112520"
"1512","1448949457849098250"
"1513","1449331788426383360"
"1514","1449628777210916871"
"1515","1450030732060069890"
"1516","1450021613244723204"
"1517","1450064798155255813"
"1518","1450371665964281865"
"1519","1450398990105780226"
"1520","1450445601167056901"
"1521","1450437322848280578"
"1522","1450428046083821569"
"1523","1450627828970516481"
"1524","1450706574402523140"
"1525","1450742973319290883"
"1526","1450762497854746625"
"1527","1450783099659423746"
"1528","1450890016142630916"
"1529","1451040079762313219"
"1530","1451098912006328320"
"1531","1451102731452702721"
"1532","1451122367309176832"
"1533","1451165959641837569"
"1534","1451211371887177741"
"1535","1451424181703294978"
"1536","1451518752151986179"
"1537","1451715526045184000"
"1538","1451808388820750340"
"1539","1451881088905715712"
"1540","1451912514225192967"
"1541","1451883883306405895"
"1542","1452132089134989315"
"1543","1452497648624316422"
"1544","1452491015831625730"
"1545","1452555215304118277"
"1546","1452633916054065154"
"1547","1452863109815750662"
"1548","1452860832753328128"
"1549","1452856594266574852"
"1550","1452882339990839298"
"1551","1452984033089105930"
"1552","1453036822704046083"
"1553","1453300140714901509"
"1554","1453297085734866950"
"1555","1453288879923113988"
"1556","1453343959552610308"
"1557","1453343454960914433"
"1558","1453393975319138309"
"1559","1453612998061268999"
"1560","1453628033936539654"
"1561","1453625114621358080"
"1562","1453731008809820160"
"1563","1453730346919362574"
"1564","1453743357960859651"
"1565","1453829942203006980"
"1566","1453974491558678528"
"1567","1453973688613621765"
"1568","1454009807539777537"
"1569","1454042318210834436"
"1570","1454134236902998026"
"1571","1454191057114001410"
"1572","1454372703142621188"
"1573","1454441482748940288"
"1574","1454717310862757895"
"1575","1454716992427106305"
"1576","1454766390565646337"
"1577","1454806613207003137"
"1578","1454790290787741696"
"1579","1454863250336649217"
"1580","1455026814154264579"
"1581","1455014231368077312"
"1582","1455059406350131205"
"1583","1455086396385996803"
"1584","1455085481272692741"
"1585","1455110641979727874"
"1586","1455141180530954241"
"1587","1455207349858312196"
"1588","1455245738053718020"
"1589","1455230004342759427"
"1590","1455217652780212234"
"1591","1455215191260606464"
"1592","1455393745071902720"
"1593","1455445527173242883"
"1594","1455436034230132739"
"1595","1455471523226062848"
"1596","1455459666964594693"
"1597","1455482087998373888"
"1598","1455513552807239680"
"1599","1455551040477138950"
"1600","1455550870251311114"
"1601","1455543212945330176"
"1602","1455562287415189514"
"1603","1455595732992512011"
"1604","1455856773223567362"
"1605","1455876065885397000"
"1606","1455907659933175822"
"1607","1455960617110679552"
"1608","1455976322174423044"
"1609","1456166148702081024"
"1610","1456163020212772864"
"1611","1456151147954245639"
"1612","1456195297575645186"
"1613","1456261523026825223"
"1614","1456470599744860161"
"1615","1456522731147698201"
"1616","1456540739542953985"
"1617","1456536598624014337"
"1618","1456643964182925320"
"1619","1456860144336261120"
"1620","1456866284088569857"
"1621","1456946024845611008"
"1622","1456980466637148168"
"1623","1457012022382575616"
"1624","1456996919373443085"
"1625","1457079366232518660"
"1626","1457188605504462855"
"1627","1457233396019695618"
"1628","1457252771456077830"
"1629","1457249009593110531"
"1630","1457304321284972549"
"1631","1457294300887273474"
"1632","1457343367864594434"
"1633","1457354698961342468"
"1634","1457675986640715781"
"1635","1457664601479335945"
"1636","1457659998322954241"
"1637","1457703243195330563"
"1638","1458014585051549699"
"1639","1458355693547921412"
"1640","1458339507254792193"
"1641","1458663610142662664"
"1642","1458768394304606209"
"1643","1458868108454764560"
"1644","1459033203977642002"
"1645","1459058684932374535"
"1646","1459075612191211560"
"1647","1459124964079063040"
"1648","1459123467484372992"
"1649","1459217159155036162"
"1650","1459401493807783936"
"1651","1459382996272881668"
"1652","1459495792419426309"
"1653","1459778653408178178"
"1654","1459771072769888257"
"1655","1459814283248914436"
"1656","1460110312783298568"
"1657","1460140141721407489"
"1658","1460245011736547337"
"1659","1460633279997087744"
"1660","1460828509534883843"
"1661","1460874712922435586"
"1662","1460957274990682120"
"1663","1461017245983858696"
"1664","1461196568888066053"
"1665","1461320578380574726"
"1666","1461309510757363719"
"1667","1461412425652187143"
"1668","1461623609890385924"
"1669","1461607399949750276"
"1670","1461658790407942145"
"1671","1462382830718173184"
"1672","1462431037825462278"
"1673","1463471016970268674"
"1674","1463797103881248776"
"1675","1464089582992084993"
"1676","1464118864279658499"
"1677","1464118101625221154"
"1678","1464147810941550592"
"1679","1464266302525161474"
"1680","1464281104094044163"
"1681","1464632236800720899"
"1682","1465574314426580993"
"1683","1465601373643415557"
"1684","1465660809405677573"
"1685","1465744764867944451"
"1686","1465961365902745601"
"1687","1465954459008348163"
"1688","1465946416556265472"
"1689","1466019150896242689"
"1690","1466122130324692995"
"1691","1466448870385274882"
"1692","1466713319453208576"
"1693","1467378543449546752"
"1694","1467738967588093956"
"1695","1468100459705651206"
"1696","1468157324112060417"
"1697","1468290462045786114"
"1698","1468431390471442432"
"1699","1468619339515449344"
"1700","1468618181073936388"
"1701","1468618017789693953"
"1702","1468790003312562176"
"1703","1468951940792868867"
"1704","1468946310762049545"
"1705","1468991601242431496"
"1706","1468989433793945606"
"1707","1468966537943871490"
"1708","1469053992831373312"
"1709","1469575982801637379"
"1710","1469570550796328961"
"1711","1469597336418586624"
"1712","1469979088534257668"
"1713","1469968328122843141"
"1714","1470022912769937410"
"1715","1470084785024471051"
"1716","1470690651805261829"
"1717","1470886359078477828"
"1718","1470853116505559043"
"1719","1471047377599430658"
"1720","1471367223159795713"
"1721","1471424898488745995"
"1722","1471703868857856003"
"1723","1471766657324486660"
"1724","1472131388489019397"
"1725","1472126410038943746"
"1726","1472120504488284162"
"1727","1472251796693344259"
"1728","1472321925120671747"
"1729","1472408849583906821"
"1730","1472476901075828742"
"1731","1472834669339189249"
"1732","1473249387623206912"
"1733","1473299181049679877"
"1734","1473931380979638293"
"1735","1474022860616351745"
"1736","1474018900245467136"
"1737","1474141515983302659"
"1738","1474268970492518400"
"1739","1474303075645116420"
"1740","1475086104361590789"
"1741","1475071339711152130"
"1742","1475403934269329409"
"1743","1476151015040770048"
"1744","1476486327243878401"
"1745","1476820417671319554"
"1746","1476869076681113612"
"1747","1477528145406402564"
"1748","1477649743782236166"
"1749","1477637173016989706"
"1750","1477712604772683780"
"1751","1477854733004152833"
"1752","1477955922622300161"
"1753","1478033411109314566"
"1754","1478269969066610691"
"1755","1479385854531547139"
"1756","1479377065879248897"
"1757","1479456329924333568"
"1758","1479504065478467586"
"1759","1480125172225126407"
"1760","1480676116369227779"
"1761","1481231984059990019"
"1762","1481335842643791878"
"1763","1481396421060448259"
"1764","1481516863666499584"
"1765","1481549326291816449"
"1766","1481577009922945024"
"1767","1481601708774023169"
"1768","1481584232678006787"
"1769","1481612551792300036"
"1770","1482231376707473409"
"1771","1482170973919006723"
"1772","1482291978792542211"
"1773","1482412595843944454"
"1774","1482555709380198400"
"1775","1483098214882545668"
"1776","1483112952622456834"
"1777","1483187952880656385"
"1778","1483338366074572802"
"1779","1483328299770257411"
"1780","1483433996226682880"
"1781","1483814822470995972"
"1782","1485256178615693312"
"1783","1485861216966819847"
"1784","1485913115917176832"
"1785","1485953714082963457"
"1786","1485990856146370561"
"1787","1485987869181333507"
"1788","1485983655570857989"
"1789","1486252065022226439"
"1790","1486308008485400576"
"1791","1486305755112390660"
"1792","1486326808735719428"
"1793","1486366116092026890"
"1794","1486426521199915013"
"1795","1486622694653181952"
"1796","1487598940476346369"
"1797","1487680728888320000"
"1798","1488064820394041345"
"1799","1488461631222861827"
"1800","1488458604659281921"
"1801","1488601040282959874"
"1802","1488783051576561664"
"1803","1488801893849653248"
"1804","1488820274959163392"
"1805","1488819234159448065"
"1806","1489515507501907972"
"1807","1489632348450738180"
"1808","1489863831350349825"
"1809","1490284133947297792"
"1810","1490927803902365696"
"1811","1491359696737161216"
"1812","1491419113239064580"
"1813","1492073865324998657"
"1814","1492441111926824965"
"1815","1492499751698407424"
"1816","1493118812123811843"
"1817","1493148818346549250"
"1818","1493467792871501824"
"1819","1494081029518368773"
"1820","1494202123285766144"
"1821","1494401252360433665"
"1822","1495697160481951749"
"1823","1495976642774069254"
"1824","1496148658986881032"
"1825","1496135187771576322"
"1826","1497479141754642437"
"1827","1497884725041672192"
"1828","1498051223529959427"
"1829","1499659039470407682"
"1830","1499673404676481028"
"1831","1499671297944547328"
"1832","1500209365105655815"
"1833","1500839346160680962"
"1834","1501601156610592769"
"1835","1502695688907464714"
"1836","1502740835418451976"
"1837","1503023203618369541"
"1838","1503275287362125826"
"1839","1503615507718721540"
"1840","1503984292510289920"
"1841","1503984265482100736"
"1842","1505710785296744457"
"1843","1506214951786106886"
"1844","1506313464071045124"
"1845","1506584597429166088"
"1846","1506777814799769603"
"1847","1506881228393394180"
"1848","1508017449660260352"
"1849","1509081866187464705"
"1850","1509123134678568960"
"1851","1509241996954767361"
"1852","1509569207859437571"
"1853","1510189199139512323"
"1854","1510182335605616647"
"1855","1510375276341047301"
"1856","1510507572616482821"
"1857","1510535532958334983"
"1858","1511194629106024449"
"1859","1511262448833150977"
"1860","1511261873638936582"
"1861","1511297596828041216"
"1862","1511287530284630019"
"1863","1511995947764621312"
"1864","1512722474731028483"
"1865","1513759776584474627"
"1866","1514196898239991811"
"1867","1514313268541759490"
"1868","1514564744748969986"
"1869","1514864097250095107"
"1870","1515952921497722880"
"1871","1515993545219272704"
"1872","1516052315500953600"
"1873","1517064615695462402"
"1874","1517095468949454848"
"1875","1517402360976494592"
"1876","1517819767209476097"
"1877","1517817111565017088"
"1878","1517826870611435523"
"1879","1517962156548964352"
"1880","1519248144353177607"
"1881","1519414354982187013"
"1882","1519558797005570050"
"1883","1519595671963287552"
"1884","1520044925622042625"
"1885","1520332276541886465"
"1886","1520388761619738625"
"1887","1521486151957233665"
"1888","1521751661399744512"
"1889","1521852189471354881"
"1890","1522465182689239043"
"1891","1522505515007418370"
"1892","1522624054590676995"
"1893","1522900113479327746"
"1894","1522953900428791810"
"1895","1523143698728382465"
"1896","1523189003251449856"
"1897","1523635166404567041"
"1898","1523981270455406592"
"1899","1523974091400781824"
"1900","1524419009537613824"
"1901","1524438117742268416"
"1902","1524701065953910784"
"1903","1525116029453606912"
"1904","1525371108333174786"
"1905","1526188089042944003"
"1906","1526215904249499648"
"1907","1526907372328865792"
"1908","1527900115876384769"
"1909","1527854192597127168"
"1910","1527986845199515649"
"1911","1528979110956912640"
"1912","1529043254011957248"
"1913","1529835887886057473"
"1914","1531132040703262720"
"1915","1531230841191510016"
"1916","1531529912338657280"
"1917","1531861849737728001"
"1918","1532241918587027457"
"1919","1532317410920910850"
"1920","1533320079319900161"
"1921","1533394327250030596"
"1922","1534031550173544448"
"1923","1534083949575675904"
"1924","1534911676927070208"
"1925","1535146744480092160"
"1926","1535508377455013889"
"1927","1535547953749827585"
"1928","1535599135511953412"
"1929","1535882090054488065"
"1930","1536656519978164226"
"1931","1537006858623406080"
"1932","1537330131865305088"
"1933","1537321669940989955"
"1934","1537321576286265344"
"1935","1537347337852444673"
"1936","1537344297623764992"
"1937","1537341672765390849"
"1938","1537369390286376960"
"1939","1537411290964103169"
"1940","1537436012812464128"
"1941","1537641180967469056"
"1942","1537789931556323331"
"1943","1537794842134200320"
"1944","1537794393800851456"
"1945","1537792104528809987"
"1946","1537923038632497153"
"1947","1538169663435071488"
"1948","1538250195754012673"
"1949","1539828091081482241"
"1950","1539924964081647617"
"1951","1539956749897285633"
"1952","1540180413158522884"
"1953","1540152733147308034"
"1954","1540226214555705344"
"1955","1540310834676736000"
"1956","1540641215615569921"
"1957","1541020294311251968"
"1958","1541075716309229571"
"1959","1541041083844534273"
"1960","1541096700546142208"
"1961","1541081791242670080"
"1962","1541278707188436993"
"1963","1541478735861485571"
"1964","1542038271924002816"
"1965","1542391985318658049"
"1966","1543846066688299009"
"1967","1543875417299456000"
"1968","1543972650963320833"
"1969","1544079245793705990"
"1970","1544076902800973836"
"1971","1544066554358284288"
"1972","1544201909594095616"
"1973","1544190098073436160"
"1974","1544175369988833281"
"1975","1544310693184393218"
"1976","1544576883790061568"
"1977","1544685095616860164"
"1978","1544758079920738307"
"1979","1545689128821571584"
"1980","1546341006403985409"
"1981","1546517167218327554"
"1982","1547065089173364737"
"1983","1547125484173008896"
"1984","1547123358445305856"
"1985","1547143989052203011"
"1986","1547192170062532608"
"1987","1547189090478612480"
"1988","1547200977073307650"
"1989","1547232951229890561"
"1990","1547484502829813760"
"1991","1547517811483983872"
"1992","1547908574210273286"
"1993","1548207065339793408"
"1994","1548350850271027201"
"1995","1548539308050612224"
"1996","1548583687368986624"
"1997","1548798449121824768"
"1998","1549031600905674752"
"1999","1549083139800068097"
"2000","1549405868470534151"
"2001","1549417643341451266"
"2002","1549696512195706882"
"2003","1549690974582063105"
"2004","1549793610362650625"
"2005","1549854157435154433"
"2006","1550011620902019073"
"2007","1550220042570289155"
"2008","1550329792104374273"
"2009","1550401062959464449"
"2010","1550458258728669184"
"2011","1550825515824697345"
"2012","1551108624843476993"
"2013","1551517280525221889"
"2014","1551749144699625472"
"2015","1551821172861550592"
"2016","1551913232612335617"
"2017","1553648175713591296"
"2018","1553697121701974016"
"2019","1554121311340957696"
"2020","1554438047122563072"
"2021","1554522554852859905"
"2022","1555511060311965696"
"2023","1555510817608564737"
"2024","1555604547027886081"
"2025","1556160188201181184"
"2026","1556429991205904384"
"2027","1556582578202845184"
"2028","1556574166454878210"
"2029","1556682902179651587"
"2030","1556877937042808832"
"2031","1556873496805916672"
"2032","1556922215001903104"
"2033","1556910924346413056"
"2034","1557008167967531010"
"2035","1557006670932443136"
"2036","1557055443960303616"
"2037","1557080938206711810"
"2038","1557072305074864128"
"2039","1557268882519461889"
"2040","1557266655679582213"
"2041","1557260543718838272"
"2042","1557311091616653313"
"2043","1557339440468545536"
"2044","1557338949353349120"
"2045","1557367693346488321"
"2046","1557585097481666561"
"2047","1557625696629194758"
"2048","1557612778965196802"
"2049","1557648832648957955"
"2050","1557641911086759936"
"2051","1557652656931438593"
"2052","1557693938278039552"
"2053","1557686600502501376"
"2054","1557686133168930817"
"2055","1557711721434865664"
"2056","1557972650370207745"
"2057","1558095963532787723"
"2058","1558083521901740034"
"2059","1558072207523434497"
"2060","1558069790861774848"
"2061","1558173978442600448"
"2062","1558191782835404805"
"2063","1558482288777859075"
"2064","1558701487127150592"
"2065","1558799415955132416"
"2066","1559098588118097920"
"2067","1559113050166362112"
"2068","1559329090527707137"
"2069","1559530863850823681"
"2070","1559528237797089280"
"2071","1559574890600079360"
"2072","1559791827783393280"
"2073","1559838285610078211"
"2074","1559886997245788162"
"2075","1560136912207331328"
"2076","1560181200060391424"
"2077","1560170966264811520"
"2078","1560235058182733824"
"2079","1560219565149327360"
"2080","1560293089595609091"
"2081","1560336581613203456"
"2082","1560552290796331017"
"2083","1560621769199071237"
"2084","1560909501967921152"
"2085","1561327400209858563"
"2086","1561390379404083207"
"2087","1561691133243187200"
"2088","1561723969123885058"
"2089","1562092636449775616"
"2090","1562366603114733568"
"2091","1562670448000655360"
"2092","1562719269603147776"
"2093","1563058941734850561"
"2094","1563123444023181312"
"2095","1563159757816414209"
"2096","1564226588987777026"
"2097","1564332497911119879"
"2098","1564514914370260992"
"2099","1565555895374954498"
"2100","1566132861710761985"
"2101","1566294745411993602"
"2102","1566471456678187011"
"2103","1566719690868723712"
"2104","1567112178079088642"
"2105","1567479136062525440"
"2106","1567545667001663491"
"2107","1568222382883495936"
"2108","1568540912032120833"
"2109","1568812147202744320"
"2110","1568844611145154562"
"2111","1568842351610560512"
"2112","1568941317429796869"
"2113","1569569745942335489"
"2114","1569975391363776512"
"2115","1570263254051737601"
"2116","1570362723241984002"
"2117","1570338465182539777"
"2118","1570368663303385088"
"2119","1570398933259788288"
"2120","1570656225531875328"
"2121","1571414975326965760"
"2122","1571397359078031360"
"2123","1571480883055710208"
"2124","1571811099850276865"
"2125","1572087629767663618"
"2126","1572114333374586883"
"2127","1572481997204865024"
"2128","1572572000677249024"
"2129","1572807838648487942"
"2130","1572985889877561345"
"2131","1573283013684875264"
"2132","1573289641041694720"
"2133","1573323561938440192"
"2134","1573370444354404355"
"2135","1573935967332876288"
"2136","1574400181277282304"
"2137","1574496530211348480"
"2138","1574514146443419648"
"2139","1574647790252195840"
"2140","1574858919767379971"
"2141","1575088748764995590"
"2142","1575169479629217793"
"2143","1575166692203692032"
"2144","1575587345524465669"
"2145","1575777734332145674"
"2146","1576100851621384193"
"2147","1576626032500686851"
"2148","1576883546379149312"
"2149","1576948090296274944"
"2150","1577003633824206859"
"2151","1576998114161922048"
"2152","1576994763248574464"
"2153","1577151067481047040"
"2154","1577894540291317760"
"2155","1577957140639227905"
"2156","1579062881634889728"
"2157","1579769219880976385"
"2158","1579758569234497536"
"2159","1579831234527899648"
"2160","1580430839539990528"
"2161","1580597984684904450"
"2162","1580813152140271616"
"2163","1580952019006791680"
"2164","1581516536992235521"
"2165","1581731510293504001"
"2166","1581873726723100675"
"2167","1582257672245587968"
"2168","1582307653421649921"
"2169","1582369927197261826"
"2170","1582626061006905345"
"2171","1582768330917543936"
"2172","1583005608743432192"
"2173","1583068423323811846"
"2174","1583772834811224065"
"2175","1584107338503421953"
"2176","1584435544502816768"
"2177","1584516341754916865"
"2178","1584514402556207104"
"2179","1584560841432539136"
"2180","1584560395322556418"
"2181","1584780544516055041"
"2182","1585222364677406721"
"2183","1585266119958478851"
"2184","1585283813248204801"
"2185","1585315570198650887"
"2186","1585333437719887884"
"2187","1585529733701406721"
"2188","1585740450920554498"
"2189","1585737151781961728"
"2190","1585853495957196800"
"2191","1585933430092611590"
"2192","1585965667777499137"
"2193","1587065918378631170"
"2194","1587163058711003142"
"2195","1587723586558648321"
"2196","1587722748016615424"
"2197","1588058896173699073"
"2198","1588109264362545152"
"2199","1588148828800270336"
"2200","1588451454905614336"
"2201","1589157986458820608"
"2202","1589163446477594624"
"2203","1589229663745986561"
"2204","1589293902590197762"
"2205","1589593661284966405"
"2206","1589629367734394881"
"2207","1589623238962737152"
"2208","1589724118877818881"
"2209","1589721703588204544"
"2210","1589871906622095361"
"2211","1589911932731281410"
"2212","1590194971428024320"
"2213","1590169908712816641"
"2214","1590660406217150471"
"2215","1590709656883978240"
"2216","1590952462566846465"
"2217","1590942853861150720"
"2218","1590931462341156865"
"2219","1590957495710879744"
"2220","1590979287125217280"
"2221","1591403008696385536"
"2222","1591456524542541824"
"2223","1591513016318791682"
"2224","1591512971297132545"
"2225","1592048182548119552"
"2226","1592156144578879488"
"2227","1592414015996981249"
"2228","1592434732649832452"
"2229","1592452345740361728"
"2230","1592864737477419008"
"2231","1593005076133871617"
"2232","1593231765170278401"
"2233","1593217386978496512"
"2234","1593305482130857985"
"2235","1593423752007626752"
"2236","1593851062678478850"
"2237","1593881156633518081"
"2238","1593908574329135107"
"2239","1594148536110960644"
"2240","1594247032050515970"
"2241","1594282129697001472"
"2242","1594326542083039232"
"2243","1594322166312448000"
"2244","1594390114884517888"
"2245","1594984027575951361"
"2246","1595088465841881092"
"2247","1595070767015895043"
"2248","1595340209549352961"
"2249","1595338065454800897"
"2250","1595676211023384576"
"2251","1595712326744809472"
"2252","1596020844739715072"
"2253","1596778016989814785"
"2254","1597654920793972736"
"2255","1597805116492390400"
"2256","1597764851589214208"
"2257","1597990239901216769"
"2258","1598221942535995392"
"2259","1598586924742201344"
"2260","1598572677035429889"
"2261","1598604023434813440"
"2262","1598664386402467848"
"2263","1599029990237929478"
"2264","1600048407103406080"
"2265","1600046324128387078"
"2266","1601121804659134466"
"2267","1602708280551383041"
"2268","1602924733120626694"
"2269","1603139909040103430"
"2270","1603131143582261252"
"2271","1603223323420172288"
"2272","1603216172337463296"
"2273","1603145384800444417"
"2274","1603375271649976321"
"2275","1604379166597648385"
"2276","1604757859849408512"
"2277","1605443984549093376"
"2278","1605492873176170499"
"2279","1605492925873287168"
"2280","1606907824956706817"
"2281","1606903947234516993"
"2282","1607090345166118914"
"2283","1607610590800875522"
"2284","1608502397374181376"
"2285","1610175651817848834"
"2286","1610217581893369856"
"2287","1610579418962923520"
"2288","1610631885725605888"
"2289","1610623414061998083"
"2290","1611002074858127360"
"2291","1610993593925210112"
"2292","1611049771405545478"
"2293","1611249832240287745"
"2294","1611312253701361664"
"2295","1611295497335046145"
"2296","1611329974606200834"
"2297","1611316775148208130"
"2298","1611419955966185494"
"2299","1611611213862998018"
"2300","1611614028769411073"
"2301","1611682614267478016"
"2302","1612001419787108352"
"2303","1612102647804301313"
"2304","1612087980734259206"
"2305","1612123730435612672"
"2306","1612365565405929472"
"2307","1612365072126414850"
"2308","1612364419090251778"
"2309","1612364280929845248"
"2310","1612382726778241027"
"2311","1612381288983396354"
"2312","1612372573198622720"
"2313","1612367310538379264"
"2314","1612416078159773696"
"2315","1612444633237450752"
"2316","1612711663752581120"
"2317","1612710445940449282"
"2318","1612723252312391680"
"2319","1612749702717489157"
"2320","1612745790291599361"
"2321","1612781646532550656"
"2322","1613048125446410241"
"2323","1613074472205967360"
"2324","1613085320794226688"
"2325","1613077898612641793"
"2326","1613259384754151452"
"2327","1613324889187909632"
"2328","1613425896836460544"
"2329","1613439012458340354"
"2330","1613497974163660801"
"2331","1613488899732430850"
"2332","1613629387169038337"
"2333","1613926024177410048"
"2334","1613901415952285698"
"2335","1613930016194105345"
"2336","1614159297302102017"
"2337","1614167879263391746"
"2338","1614223429363793920"
"2339","1614504712832704514"
"2340","1614535356388458502"
"2341","1614528315875794945"
"2342","1614695613957906433"
"2343","1614687451477417984"
"2344","1614711540069896192"
"2345","1615231317196656642"
"2346","1615319988843466755"
"2347","1615359294869803008"
"2348","1615405641014644741"
"2349","1615396027770494976"
"2350","1615620006359830529"
"2351","1615667057097584642"
"2352","1615709684140236808"
"2353","1616001221394849793"
"2354","1615999186377261056"
"2355","1616128690059972608"
"2356","1616339539509014528"
"2357","1616330876584972293"
"2358","1616407592296763392"
"2359","1616405185013710853"
"2360","1616396857684692994"
"2361","1616419289929551873"
"2362","1616495905850507265"
"2363","1616640477515681793"
"2364","1616703517930004480"
"2365","1616686820573564928"
"2366","1616736000172068864"
"2367","1616721312130408448"
"2368","1616764009088163840"
"2369","1616763577033183232"
"2370","1616763367955517441"
"2371","1616824255974359040"
"2372","1616963877543051264"
"2373","1617050491220811778"
"2374","1617024259213123584"
"2375","1617073072707608576"
"2376","1617117369956007937"
"2377","1617382437239021568"
"2378","1617452834366136320"
"2379","1617441636702883842"
"2380","1617440102086500356"
"2381","1617454603607638017"
"2382","1617498055808278529"
"2383","1617491552431136772"
"2384","1617483457008918528"
"2385","1617511123078594561"
"2386","1617818850942410758"
"2387","1617815760512094209"
"2388","1617812970058256384"
"2389","1617812942925488129"
"2390","1617810693159522304"
"2391","1617821701630267392"
"2392","1617861460574765059"
"2393","1618107995975716864"
"2394","1618143609337044992"
"2395","1618197109655625728"
"2396","1618246093732515841"
"2397","1618268084141187072"
"2398","1618566296437952513"
"2399","1618625719617060866"
"2400","1618856192238919680"
"2401","1618874730181791744"
"2402","1618907252500602880"
"2403","1619176679251013632"
"2404","1619371772272586752"
"2405","1619591301158080512"
"2406","1619712602795376640"
"2407","1620387687638380548"
"2408","1620659284244631553"
"2409","1620684755053469696"
"2410","1623949378896506880"
"2411","1627903565434916866"
"2412","1628609343221542915"
"2413","1628775437848412170"
"2414","1628770921367453696"
"2415","1629120310619283456"
"2416","1629419550285475843"
"2417","1629445294210293760"
"2418","1629725650717138947"
"2419","1629648615089029122"
"2420","1629779653643599872"
"2421","1629812269822402563"
"2422","1629855203951353859"
"2423","1630491476273635328"
"2424","1630930823376523265"
"2425","1631188737806811136"
"2426","1631233661805768706"
"2427","1631230326537166851"
"2428","1631261255129260032"
"2429","1631257893273051137"
"2430","1631290762058153984"
"2431","1631370034307284992"
"2432","1631567092817227777"
"2433","1631621960906973184"
"2434","1631954929194610688"
"2435","1632329362354651139"
"2436","1632418190591655936"
"2437","1633067010836815873"
"2438","1633105268111228930"
"2439","1633206372308496384"
"2440","1633454519181869060"
"2441","1633752780597862400"
"2442","1633803710018060289"
"2443","1634078470287360001"
"2444","1634112188133650432"
"2445","1634200531366232064"
"2446","1634188772714618881"
"2447","1634448104702238721"
"2448","1635251703330250759"
"2449","1635367119687929856"
"2450","1635362550475812871"
"2451","1635546193798348801"
"2452","1635529638033207296"
"2453","1635563918675562496"
"2454","1635724981857570817"
"2455","1635792931226537984"
"2456","1636013213203439617"
"2457","1636381426160652296"
"2458","1637043669344690178"
"2459","1637727693646049283"
"2460","1637726348973158400"
"2461","1638062885208301571"
"2462","1638397788340797440"
"2463","1638420244015505408"
"2464","1638491952952819713"
"2465","1638530793009020928"
"2466","1638576688194830337"
"2467","1638571240922202120"
"2468","1638686279062945792"
"2469","1638632057105702913"
"2470","1638745130638139392"
"2471","1638803128991760384"
"2472","1638791687299543041"
"2473","1638848058862751744"
"2474","1638860409317859328"
"2475","1638887429057781762"
"2476","1638966594599546900"
"2477","1638988369811365890"
"2478","1638975055618248705"
"2479","1639219041993920513"
"2480","1639238059022483459"
"2481","1639296406619054080"
"2482","1639615616515559425"
"2483","1639726730674855938"
"2484","1639779195684257793"
"2485","1639875100391399425"
"2486","1640973551845949440"
"2487","1640994902086500357"
"2488","1640978099658424320"
"2489","1641030112173776898"
"2490","1641027419078537217"
"2491","1641067797332500483"
"2492","1641387172547706880"
"2493","1641386644023525376"
"2494","1641805941547868160"
"2495","1642033136312762368"
"2496","1642066588068192256"
"2497","1642108158553251842"
"2498","1642094297561415682"
"2499","1642152861600559105"
"2500","1642425380693856256"
"2501","1642454321429135360"
"2502","1642446771589730304"
"2503","1642502410156351489"
"2504","1642602802013962240"
"2505","1642663202155823106"
"2506","1642753795598761985"
"2507","1643196713430138881"
"2508","1643925345282785280"
"2509","1643968465802514433"
"2510","1644305731959521282"
"2511","1645037613579993088"
"2512","1646080613273706497"
"2513","1646115949383421953"
"2514","1646279526689947648"
"2515","1646510870812585985"
"2516","1646553761890828301"
"2517","1646566515410337804"
"2518","1646879348786442241"
"2519","1647152210646814721"
"2520","1647524523732811776"
"2521","1647868546905456640"
"2522","1648627155109130240"
"2523","1648838894979366913"
"2524","1648956241455054849"
"2525","1648952454438952960"
"2526","1648949088623132672"
"2527","1648988879263866881"
"2528","1649047971726753795"
"2529","1649047700976074752"
"2530","1649084509604790272"
"2531","1649671879698034689"
"2532","1649936120992661505"
"2533","1650020426561605632"
"2534","1650273349510258689"
"2535","1650405380969623556"
"2536","1650395979542065152"
"2537","1650388019457736704"
"2538","1650413018939899905"
"2539","1651093981063675904"
"2540","1651144322182529025"
"2541","1651578686515163139"
"2542","1651574416176807944"
"2543","1651586691956711425"
"2544","1651849842476593153"
"2545","1652914496112070662"
"2546","1653724178095243265"
"2547","1654335111629008896"
"2548","1654372856392810496"
"2549","1654366002207924226"
"2550","1654423485043671042"
"2551","1655423814719741953"
"2552","1655487701666222083"
"2553","1656069226443014145"
"2554","1656163570005016576"
"2555","1656909545816432640"
"2556","1656888919370223616"
"2557","1656956370212585473"
"2558","1657776152537190406"
"2559","1658754395662700550"
"2560","1659144956445876225"
"2561","1659138005142212608"
"2562","1659475417772826624"
"2563","1659506283022565377"
"2564","1660633625220481024"
"2565","1660946169277841409"
"2566","1660992932189536256"
"2567","1661283503382708225"
"2568","1661643265009934336"
"2569","1661967902495449088"
"2570","1662022356548632577"
"2571","1662666081171914752"
"2572","1663221590379708418"
"2573","1664001302479683585"
"2574","1663993817685712897"
"2575","1663991287106752513"
